<?xml version="1.0" encoding="UTF-8"?>
<beans xmlns="http://www.springframework.org/schema/beans"
	xmlns:context="http://www.springframework.org/schema/context"
	xmlns:xsi="http://www.w3.org/2001/XMLSchema-instance"
	xmlns:mvc="http://www.springframework.org/schema/mvc"
	xsi:schemaLocation="
        http://www.springframework.org/schema/beans     
        http://www.springframework.org/schema/beans/spring-beans-3.2.xsd
        http://www.springframework.org/schema/mvc 
        http://www.springframework.org/schema/mvc/spring-mvc-3.2.xsd
        http://www.springframework.org/schema/context 
        http://www.springframework.org/schema/context/spring-context-3.2.xsd">

	<mvc:annotation-driven></mvc:annotation-driven>

	<context:component-scan
		base-package="com.wdf.springmvc" />


	<bean
		class="org.springframework.web.servlet.view.InternalResourceViewResolver">
		<property name="prefix">
			<value>/WEB-INF/views/jsp/</value>
		</property>
		<property name="suffix">
			<value>.jsp</value>
		</property>
	</bean>


	<mvc:resources mapping="/resources/**"
		location="/resources/" />

	<bean id="jdbcTemplate"
		class="org.springframework.jdbc.core.JdbcTemplate">
		<property name="dataSource" ref="datasource" />
	</bean>

	<bean id="datasource"
		class="org.springframework.jdbc.datasource.DriverManagerDataSource">
		<property name="driverClassName"
			value="com.mysql.cj.jdbc.Driver" />
		<property name="url"
			value="jdbc:mysql://localhost:3306/community_portal" />
		<property name="username" value="root" />
		<property name="password" value="root" />
	</bean>

	<!-- <bean id="mailSender" class="org.springframework.mail.javamail.JavaMailSenderImpl"> 
		<property name="host" value="smtp.gmail.com" /> <property name="port" value="587" 
		/> <property name="username" value="ramannagaripranith96@gmail.com" /> <property 
		name="password" value="pran7089" /> <property name="javaMailProperties"> 
		<props> <prop key="mail.transport.protocol">smtp</prop> <prop key="mail.smtp.auth">true</prop> 
		<prop key="mail.smtp.starttls.enable">true</prop> <prop key="mail.debug">true</prop> 
		</props> </property> </bean> -->
</beans>