<?xml version="1.0" encoding="UTF-8"?>
<!DOCTYPE hibernate-configuration PUBLIC
       "-//Hibernate/Hibernate Configuration DTD 3.0//EN"
       "http://www.hibernate.org/dtd/hibernate-configuration-3.0.dtd">

<hibernate-configuration>

	<session-factory>

		<!-- JDBC connection pool (using the built-in) -->
		<property name="connection.pool_size">1</property>

		<!-- SQL dialect -->
		<property name="dialect">org.hibernate.dialect.MySQL5InnoDBDialect</property>

		<!-- Echo all executed SQL to stdout -->
		<property name="show_sql">true</property>

		<!-- Format the generated Sql -->
		<property name="format_sql">true</property>

		<!-- Dont Drop and re-create the database schema on startup,Just update 
			it -->
		<property name="hbm2ddl.auto">update</property>

	</session-factory>

</hibernate-configuration>